Agency,AgencyFull,Country,Total,FirstHalf,SecondHalf,SubSector,Sector,AgencyType,Ccode
ActionAid,ActionAid,Greece,1842700,633735,1208965,Protection,Protection,INGO,Greece
ADRA ,ADRA Adventist Development and Relief Agency,Regional,100000,50000,50000,Protection,Protection,INGO,Regional
ADRA ,ADRA Adventist Development and Relief Agency,Regional,50000,25000,25000,Health,Health and Nutrition,INGO,Regional
ADRA ,ADRA Adventist Development and Relief Agency,Regional,100000,50000,50000,NFIs,Shelter and NFIs,INGO ,Regional
ADRA ,ADRA Adventist Development and Relief Agency,Serbia,591106.3,295553.1,295553.1,Protection,Protection,INGO,Serbia
ADRA ,ADRA Adventist Development and Relief Agency,Serbia,354663.8,177331.9,177331.9,NFIs,Shelter and NFIs,INGO,Serbia
ADRA ,ADRA Adventist Development and Relief Agency,Serbia,144229.9,144229.9,0,Health ,Health and Nutrition,INGO,Serbia
ADRA ,ADRA Adventist Development and Relief Agency,Croatia,935550,440000,495550,Protection,Protection,INGO,Croatia
ADRA ,ADRA Adventist Development and Relief Agency,fYR Macedonia,51800,25900,25900,Protection,Protection,INGO,Macedonia
ADRA ,ADRA Adventist Development and Relief Agency,fYR Macedonia,345740,172870,172870,Food,Food,INGO,Macedonia
ADRA ,ADRA Adventist Development and Relief Agency,Slovenia ,2139.8,1069.9,1069.9,Protection,Protection,INGO,Slovenia
ADRA ,ADRA Adventist Development and Relief Agency,Slovenia ,128751,48281.2,48281.2,Food,Food,INGO,Slovenia
ADRA ,ADRA Adventist Development and Relief Agency,Slovenia ,856636.2,438319.2,418317,Shelter and NFIs,Shelter and NFIs,INGO,Slovenia
ADRA ,ADRA Adventist Development and Relief Agency,Slovenia ,4690.5,2345.3,2345.3,Logistics and Transport,"Logistics, Transport, Telecomms",INGO,Slovenia
AGAPE,AGAPE,fYR Macedonia,547500,273750,273750,Food Distribution,Food,INGO,Macedonia
Arbeiter Samariter Bund Deutschland e.V./PREDA Plus,Arbeiter Samariter Bund Deutschland e.V./PREDA Plus,fYR Macedonia,211850,105925,105925,Food Distribution,Food,INGO,Macedonia
Arche Nova,Arche Nova,Serbia,751671.4228,400834.9392,350836.4836,NFIs,Shelter and NFIs,INGO,Serbia
Arche Nova,Arche Nova,Serbia,751671.4228,400834.9392,350836.4836,WASH,WASH,INGO,Serbia
ARSIS,ARSIS,Greece,934889.0029,347287.6051,587601.3978,Child Protection,Protection,NGO,Greece
ARSIS,ARSIS,Greece,192258.3234,79300.91744,112957.4059,Education,Protection,NGO,Greece
ARSIS,ARSIS,Greece,59120.89846,19058.02699,40062.87147,Food,Food,NGO,Greece
ARSIS,ARSIS,Greece,140715.2608,33880.93688,106834.3239,Nutrition,Health and Nutrition,NGO,Greece
ARSIS,ARSIS,Greece,170453.7676,65757.25166,104696.516,Telecommunications,"Logistics, Transport, Telecomms",NGO,Greece
ARSIS,ARSIS,Greece,1014446.71,479959.9662,534486.7442,Shelter,Shelter and NFIs,NGO,Greece
Association Hope Jesenice/Institute Abraham,Association Hope Jesenice/Institute Abraham,Slovenia ,259259,152910,106349,Health and Nutrition,Health and Nutrition,NGO,Slovenia
BCHR,BCHR,Serbia,751671.4228,400834.9392,350836.4836,Protection,Protection,NGO,Serbia
BCHR,BCHR,Serbia,24000,12000,12000,Operational Support,Protection,NGO,Serbia
CARE International,CARE International,Serbia,146400,146400,0,Shelter and Infrastructure,Shelter and NFIs,INGO,Serbia
CARE International,CARE International,Serbia,535754.6845,404209.5943,131545.0902,NFIs,Shelter and NFIs,INGO,Serbia
CARE International,CARE International,Serbia,535754.6845,404209.5943,131545.0902,WASH,WASH,INGO,Serbia
CARE International,CARE International,Serbia,535754.6845,404209.5943,131545.0902,Food,Food,INGO,Serbia
CARE International,CARE International,Croatia,53091.27009,26334.27998,26756.99011,Protection,Protection,INGO,Croatia
CARE International,CARE International,Croatia,327065.8426,97802.05587,229263.7868,Health,Health and Nutrition,INGO,Croatia
CARE International,CARE International,Croatia,220890.6858,109565.9824,111324.7034,Shelter and Infrastructure,Shelter and NFIs,INGO,Croatia
CARE International,CARE International,Croatia,31002.20151,15377.68174,15624.51977,WASH,WASH,INGO,Croatia
Caritas Athens,Caritas Athens,Greece,104782.5296,47196.03285,57586.49676,Protection,Protection,NGO,Greece
Caritas Athens,Caritas Athens,Greece,97310.60255,45920.41284,51390.18971,Food,Food,NGO,Greece
Caritas Athens,Caritas Athens,Greece,36168.30137,15437.16254,20731.13883,Nutrition,Health and Nutrition,NGO,Greece
Caritas Athens,Caritas Athens,Greece,75131.73479,75131.73479,0,NFI,Shelter and NFIs,NGO,Greece
Caritas Athens,Caritas Athens,Greece,50694.77534,50694.77534,0,Hygiene kits,WASH,NGO,Greece
Caritas Hellas,Caritas Hellas,Greece,43792.68856,21896.34428,21896.34428,Child Protection,Protection,NGO,Greece
Caritas Hellas,Caritas Hellas,Greece,99984.03886,49992.01943,49992.01943,Food,Food,NGO,Greece
Caritas Hellas,Caritas Hellas,Greece,72757.61597,36378.80798,36378.80798,Supply chain,"Logistics, Transport, Telecomms",NGO,Greece
Caritas Hellas,Caritas Hellas,Greece,861381.3806,430690.6903,430690.6903,NFI,Shelter and NFIs,NGO,Greece
Caritas Hellas,Caritas Hellas,Greece,154578.956,77289.47799,77289.47799,Wash,WASH,NGO,Greece
Caritas Slovenia,Caritas Slovenia ,Slovenia ,214000,214000,0,Protection,Protection,NGO,Slovenia
Caritas Slovenia,Caritas Slovenia ,Slovenia ,775750,775750,0,Health and Nutrition,Health and Nutrition,NGO,Slovenia
Caritas Slovenia,Caritas Slovenia ,Slovenia ,160500,160500,0,Shelter and NFIs,Shelter and NFIs,NGO,Slovenia
Catholic Relief Services,Catholic Relief Services,fYR Macedonia,17000,8500,8500,Protection,Protection,INGO,Macedonia
Catholic Relief Services,Catholic Relief Services,fYR Macedonia,40000,20000,20000,Food Distribution,Food,INGO,Macedonia
Catholic Relief Services,Catholic Relief Services,fYR Macedonia,400000,200000,200000,NFIs,Shelter and NFIs,INGO,Macedonia
Catholic Relief Services,Catholic Relief Services,fYR Macedonia,10000,5000,5000,WASH,WASH,INGO,Macedonia
Children and Youth Support Organisation,Children and Youth Support Organisation,Serbia,260000,130000,130000,Health,Health and Nutrition,NGO,Serbia
Children and Youth Support Organisation,Children and Youth Support Organisation,Serbia,80000,40000,40000,Operational Support,Health and Nutrition,NGO,Serbia
Croatian Law Center,Croatian Law Center,Croatia,86539.97,51080.45,35459.52,Protection,Protection,NGO,Croatia
Croatian Red Cross,Croatian Red Cross,Croatia,2056506.797,1221353.398,835153.3985,Protection,Protection,NGO,Croatia
Croatian Red Cross,Croatian Red Cross,Croatia,389788.4452,231494.2226,158294.2226,Food,Food,NGO,Croatia
Croatian Red Cross,Croatian Red Cross,Croatia,37274.85132,22137.42566,15137.42566,Health ,Health and Nutrition,NGO,Croatia
Croatian Red Cross,Croatian Red Cross,Croatia,1816882.753,1079041.376,737841.3764,Logistics and Transport,"Logistics, Transport, Telecomms",NGO,Croatia
Croatian Red Cross,Croatian Red Cross,Croatia,5181204.333,3077102.167,2104102.167,Shelter and Infrastructure,Shelter and NFIs,NGO,Croatia
Croatian Red Cross,Croatian Red Cross,Croatia,3053342.821,1813371.41,1239971.41,WASH,WASH,NGO,Croatia
Dorcas,Dorcas,fYR Macedonia,1260000,630000,630000,Food Distribution,Food,INGO,Macedonia
DRC,DRC Danish Refugee Council,Serbia,321703.9167,98692.46651,223011.4502,NFIs,Shelter and NFIs,INGO,Serbia
DRC,DRC Danish Refugee Council,Serbia,2500559.909,1285539.6,1215020.308,WASH,WASH,INGO,Serbia
DRC,DRC Danish Refugee Council,Serbia,751671.4228,400834.9392,350836.4836,Protection,Protection,NGO,Serbia
DRC,DRC Danish Refugee Council,Serbia,751671.4228,400834.9392,350836.4836,Health,Health and Nutrition,INGO,Serbia
DRC,DRC Danish Refugee Council,Serbia,73600,73600,0,Support to local communities,Local Community Support,INGO,Serbia
DRC,DRC Danish Refugee Council,Serbia,6400,6400,0,Operational Support (local community support),Local Community Support,INGO,Serbia
DRC,DRC Danish Refugee Council,fYR Macedonia,17647.05882,0,0,Protection,Protection,INGO,Macedonia
DRC,DRC Danish Refugee Council,fYR Macedonia,141176.4706,0,0,NFIs,Shelter and NFIs,INGO,Macedonia
DRC,DRC Danish Refugee Council,fYR Macedonia,41176.47059,0,0,Hygiene,WASH,INGO,Macedonia
Foundation Ana and Vlade Divac,Foundation Ana and Vlade Divac,Serbia,692426.1073,351044.5335,341381.5738,NFIs,Shelter and NFIs,NGO,Serbia
Foundation Ana and Vlade Divac,Foundation Ana and Vlade Divac,Serbia,535754.6845,404209.5943,131545.0902,WASH,WASH,NGO,Serbia
Foundation Ana and Vlade Divac,Foundation Ana and Vlade Divac,Serbia,184000,92000,92000,Support to local communities,Local Community Support,NGO,Serbia
Foundation Ana and Vlade Divac,Foundation Ana and Vlade Divac,Serbia,16000,8000,8000,Operational Support (local community support),Local Community Support,NGO,Serbia
GIZ ,GIZ Gesellschaft für Internationale Zusammenarbeit,Serbia,64400,32200,32200,Support to local communities,Local Community Support,IGO,Serbia
GIZ ,GIZ Gesellschaft für Internationale Zusammenarbeit,Serbia,5600,2800,2800,Operational Support (local community support),Local Community Support,IGO,Serbia
GIZ ,GIZ Gesellschaft für Internationale Zusammenarbeit,fYR Macedonia,424316,0,0,Waste Disposal,WASH,IGO,Macedonia
GIZ ,GIZ Gesellschaft für Internationale Zusammenarbeit,fYR Macedonia,424316,0,0,Protection,Protection,IGO,Macedonia
HCIT,HCIT,Serbia,751671.4228,400834.9392,350836.4836,Protection,Protection,NGO ,Serbia
HCIT,HCIT,Serbia,100000,40000,60000,Operational Support,Protection,NGO,Serbia
Help-Hilfe ,Help-Hilfe zur Selbsthilfe e. V.,Serbia,751671.4228,400834.9392,350836.4836,NFIs,Shelter and NFIs,INGO,Serbia
Help-Hilfe ,Help-Hilfe zur Selbsthilfe e. V.,Serbia,535754.6845,404209.5943,131545.0902,Health,Health and Nutrition,INGO,Serbia
Human Appeal,Human Appeal,Greece,535000,267500,267500,Protection,Protection,INGO,Greece
Human Appeal,Human Appeal,Greece,1701500,850750,850750,Food,Food,INGO,Greece
Human Appeal,Human Appeal,Greece,785800,392900,392900,Health,Health and Nutrition,INGO,Greece
IMC ,IMC International Medical Corps,Serbia,977681.514,516080.3387,461601.1752,WASH,WASH,INGO,Serbia
IMC ,IMC International Medical Corps,Serbia,2500559.909,1285539.6,1215020.308,Health,Health and Nutrition,INGO,Serbia
IMC ,IMC International Medical Corps,Greece,260624.1497,130312.0748,130312.0748,SGBV,Protection,INGO,Greece
IMC ,IMC International Medical Corps,Greece,2607139.632,1303569.816,1303569.816,Health,Health and Nutrition,INGO,Greece
IMC ,IMC International Medical Corps,Greece,1656890.218,828445.1092,828445.1092,NFI,Shelter and NFIs,INGO,Greece
Information Legal Center,Information Legal Center,Croatia,68000,34000,34000,Protection,Protection,NGO,Croatia
Internews,Internews,Greece,1404245,468435,935810,Communication with Communities,Protection,INGO,Greece
INTERSOS,INTERSOS,Serbia,535754.6845,404209.5943,131545.0902,Protection,Protection,INGO,Serbia
INTERSOS,INTERSOS,Serbia,80000,40000,40000,Operational Support,Protection,INGO,Serbia
IOM,IOM International Organization for Migration,Regional,9000000,4500000,4500000,,,IOM,Regional
IOM,IOM International Organization for Migration,Regional,3000000,1500000,1500000,,,IOM,Regional
IOM,IOM International Organization for Migration,Regional,1000000,500000,500000,,,IOM,Regional
IOM,IOM International Organization for Migration,Serbia,540300,140300,400000,Shelter and Infrastructure,Shelter and NFIs,IOM,Serbia
IOM,IOM International Organization for Migration,Serbia,535754.6845,404209.5943,131545.0902,Protection,Protection,IOM,Serbia
IOM,IOM International Organization for Migration,Serbia,260000,130000,130000,Logistics and Transport,"Logistics, Transport, Telecomms",IOM,Serbia
IOM,IOM International Organization for Migration,Serbia,450000,240000,210000,Operational Support,Operational Support,IOM,Serbia
IOM,IOM International Organization for Migration,Greece,66800000,33400000,33400000,"Protection, AVRR and Relocation",Protection,IOM,Greece
IOM,IOM International Organization for Migration,Greece,300000,150000,150000,Psychosocial support,Health and Nutrition,IOM,Greece
IOM,IOM International Organization for Migration,Greece,4000000,2200000,1800000,Transport,"Logistics, Transport, Telecomms",IOM,Greece
IOM,IOM International Organization for Migration,Greece,7300000,3650000,3650000,Camp management,Shelter and NFIs,IOM,Greece
IOM,IOM International Organization for Migration,Greece,1148000,588000,560000,Operational Support,Operational Support,IOM,Greece
IOM,IOM International Organization for Migration,Croatia,1750000,875000,875000,Protection,Protection,IOM,Croatia
IOM,IOM International Organization for Migration,Croatia,1250000,625000,625000,Health,Health and Nutrition,IOM,Croatia
IOM,IOM International Organization for Migration,Croatia,1000000,500000,500000,Logistics and Transport,"Logistics, Transport, Telecomms",IOM,Croatia
IOM,IOM International Organization for Migration,Croatia,1230000,615000,615000,Shelter and Infrastructure,Shelter and NFIs,IOM,Croatia
IOM,IOM International Organization for Migration,Turkey,12750000,8750000,4000000,Protection,Protection,IOM,Turkey
IOM,IOM International Organization for Migration,Turkey,2000000,1000000,1000000,Health,Health and Nutrition,IOM,Turkey
IOM,IOM International Organization for Migration,Turkey,10000000,5000000,5000000,NFIs,Shelter and NFIs,IOM,Turkey
IOM,IOM International Organization for Migration,fYR Macedonia,2517460,1006984,1510476,Protection,Protection,IOM,Macedonia
IOM,IOM International Organization for Migration,fYR Macedonia,211640,211640,0,Health,Health and Nutrition,IOM,Macedonia
IOM,IOM International Organization for Migration,fYR Macedonia,535000,535000,0,Shelter,Shelter and NFIs,IOM,Macedonia
IOM,IOM International Organization for Migration,fYR Macedonia,125000,125000,0,Health,WASH,IOM,Macedonia
IOM,IOM International Organization for Migration,Slovenia ,1500000,750000,750000,Protection,Protection,IOM,Slovenia
IOM,IOM International Organization for Migration,Slovenia ,600000,300000,300000,Health and Nutrition,Health and Nutrition,IOM,Slovenia
IOM,IOM International Organization for Migration,Slovenia ,1750000,875000,875000,Shelter and NFIs,Shelter and NFIs,IOM,Slovenia
IOM,IOM International Organization for Migration,Slovenia ,300000,150000,150000,WASH,WASH,IOM,Slovenia
IOM,IOM International Organization for Migration,Slovenia ,800000,400000,400000,Logistics and Transport,"Logistics, Transport, Telecomms",IOM,Slovenia
IRC ,IRC International Rescue Committee,Serbia,751671.4228,400834.9392,350836.4836,Protection,Protection,INGO,Serbia
IRC ,IRC International Rescue Committee,Serbia,300000,150000,150000,Operational Support,Protection,INGO,Serbia
IRC ,IRC International Rescue Committee,Greece,4765254.833,2382627.417,2382627.417,Protection,Protection,INGO,Greece
IRC ,IRC International Rescue Committee,Greece,6083304.042,3041652.021,3041652.021,Transport,"Logistics, Transport, Telecomms",INGO,Greece
IRC ,IRC International Rescue Committee,Greece,2867038.664,1433519.332,1433519.332,Shelter,Shelter and NFIs,INGO,Greece
IRC ,IRC International Rescue Committee,Greece,2309402.46,1154701.23,1154701.23,WASH,WASH,INGO,Greece
ISRAAID,ISRAAID,Greece,400456,200228,200228,Psychosocial support,Protection,INGO,Greece
ISRAAID,ISRAAID,Greece,80076,40038,40038,Operational Support,Protection,INGO,Greece
JRS ,JRS Jesuit Refugee Services,Croatia,187920,69084,118836,Protection,Protection,INGO,Croatia
KSPM-ERP,KSPM-ERP,Greece,168042,84021,84021,Protection,Protection,NGO,Greece
La Strada,La Strada,fYR Macedonia,581395.3488,290697.6744,290697.6744,Protection,Protection,INGO,Macedonia
La Strada,La Strada,fYR Macedonia,174418.6047,87209.30233,87209.30233,NFIs,Shelter and NFIs,INGO,Macedonia
La Strada,La Strada,fYR Macedonia,69767.44186,34883.72093,34883.72093,Hygiene,WASH,INGO,Macedonia
La Strada,La Strada,fYR Macedonia,174418.6047,87209.30233,87209.30233,Food Distribution,Food,INGO,Macedonia
Legis,Legis,fYR Macedonia,953078.6517,476539.3258,476539.3258,Food Distribution,Food,INGO,Macedonia
Legis,Legis,fYR Macedonia,517977.5281,258988.764,258988.764,NFIs,Shelter and NFIs,INGO,Macedonia
Legis,Legis,fYR Macedonia,372943.8202,186471.9101,186471.9101,Hygiene,WASH,INGO,Macedonia
Macedonian Center for International Cooperation,Macedonian Center for International Cooperation,fYR Macedonia,253333.3333,133333.3333,120000,Shelter and Infrastructure,Shelter and NFIs,NGO,Macedonia
Macedonian Center for International Cooperation,Macedonian Center for International Cooperation,fYR Macedonia,246666.6667,66666.66667,180000,Sanitation,WASH,NGO,Macedonia
Macedonian Red Cross,Macedonian Red Cross,fYR Macedonia,802550.5051,427272.7273,375277.7778,Food Distribution,Food,NGO,Macedonia
Macedonian Red Cross,Macedonian Red Cross,fYR Macedonia,427878.7879,267045.4545,160833.3333,Health,Health and Nutrition,NGO,Macedonia
Macedonian Red Cross,Macedonian Red Cross,fYR Macedonia,535101.0101,267045.4545,268055.5556,NFIs,Shelter and NFIs,NGO,Macedonia
Macedonian Red Cross,Macedonian Red Cross,fYR Macedonia,374469.697,213636.3636,160833.3333,Hygiene,WASH,NGO,Macedonia
MDM Medecins du Monde,MDM Medecins du Monde,Greece,7407757,4444654,2963103,Health,Health and Nutrition,NGO,Greece
Mercy Corps,Mercy Corps,Serbia,581303,128100,453203,Shelter and Infrastructure,Shelter and NFIs,INGO,Serbia
Mercy Corps,Mercy Corps,Serbia,138634,69317,69317,Operational Support,Shelter and NFIs,INGO,Serbia
Mercy Corps,Mercy Corps,Greece,501213.5434,501213.5434,,Protection,Protection,INGO,Greece
Mercy Corps,Mercy Corps,Greece,1489988.925,1489988.925,,Food,Food,INGO,Greece
Mercy Corps,Mercy Corps,Greece,74714.08539,74714.08539,,Transport,"Logistics, Transport, Telecomms",INGO,Greece
Mercy Corps,Mercy Corps,Greece,1147887.546,1147887.546,,Shelter grants ,Shelter and NFIs,INGO,Greece
Mercy Corps,Mercy Corps,fYR Macedonia,572375.8185,372255.1151,200120.7033,Protection,Protection,INGO,Macedonia
Mercy Corps,Mercy Corps,fYR Macedonia,670963.1815,436108.8849,234854.2967,Shelter and NFIs,Shelter and NFIs,INGO,Macedonia
MYLA ,MYLA ,fYR Macedonia,125091,54833,70258,Protection,Protection,NGO,Macedonia
NOSTOS,NOSTOS,Greece,260719.2354,116645.1613,144074.0741,Community Services,Protection,NGO,Greece
NOSTOS,NOSTOS,Greece,318348.865,116645.1613,201703.7037,Education,Protection,NGO,Greece
NOSTOS,NOSTOS,Greece,650931.8996,218709.6774,432222.2222,Food,Food,NGO,Greece
Nun Kultura,Nun Kultura,fYR Macedonia,1261975,630987.5,630987.5,Food Distribution,Food,NGO,Macedonia
Nun Kultura,Nun Kultura,fYR Macedonia,374300,187150,187150,NFIs,Shelter and NFIs,NGO,Macedonia
Nun Kultura,Nun Kultura,fYR Macedonia,108000,54000,54000,Hygiene,WASH,NGO,Macedonia
OHCHR ,OHCHR Office of the High Commissioner for Human Rights,Regional,190462,95231,95231,Protection,Protection,UN,Regional
OHCHR ,OHCHR Office of the High Commissioner for Human Rights,fYR Macedonia,60000,30000,30000,Protection,Protection,UN,Macedonia
Operation Mercy,Operation Mercy,fYR Macedonia,21166,21166,0,Food Distribution,Food,NGO,Macedonia
Operation Mercy,Operation Mercy,fYR Macedonia,26453,26453,0,NFIs,Shelter and NFIs,NGO,Macedonia
Operation Mercy,Operation Mercy,fYR Macedonia,37041,37041,0,Infrastructure,Shelter and NFIs,NGO,Macedonia
OXFAM,OXFAM,Serbia,535754.6845,404209.5943,131545.0902,NFIs,Shelter and NFIs,INGO,Serbia
OXFAM,OXFAM,Serbia,300000,150000,150000,Operational Support,Shelter and NFIs,INGO,Serbia
OXFAM,OXFAM,Greece,152002.1033,75433.49044,76568.61284,SGBV,Protection,INGO,Greece
OXFAM,OXFAM,Greece,1075262.662,628612.4204,446650.2416,Food,Food,INGO,Greece
OXFAM,OXFAM,Greece,45599.19456,22629.33429,22969.86028,Transport,"Logistics, Transport, Telecomms",INGO,Greece
OXFAM,OXFAM,Greece,2280033.943,1131503.545,1148530.399,NFI,Shelter and NFIs,INGO,Greece
OXFAM,OXFAM,Greece,633342.097,314306.2102,319035.8868,WASH,WASH,INGO,Greece
Peace Institute,Peace Institute,Slovenia ,50000,25000,25000,Protection,Protection,NGO,Slovenia
PIC,PIC,Slovenia ,638000,357000,281000,Protection,Protection,NGO,Slovenia
EHO-Podpornica with HIA,Podpornica Evangelical Humanitarian Organisation with (HIA) Hungarian Interchurch Aid,Slovenia ,130400.371,66486.8228,63913.54817,Protection,Protection,NGO,Slovenia
EHO-Podpornica with HIA,Podpornica Evangelical Humanitarian Organisation with (HIA) Hungarian Interchurch Aid,Slovenia ,17259.81904,10024.47353,7235.345506,Education,Protection,NGO,Slovenia
EHO-Podpornica with HIA,Podpornica Evangelical Humanitarian Organisation with (HIA) Hungarian Interchurch Aid,Slovenia ,207256.4386,120430.0133,86826.42528,Health and Nutrition,Health and Nutrition,NGO,Slovenia
EHO-Podpornica with HIA,Podpornica Evangelical Humanitarian Organisation with (HIA) Hungarian Interchurch Aid,Slovenia ,42651.43197,42651.43197,0,Shelter and NFIs,Shelter and NFIs,NGO,Slovenia
EHO-Podpornica with HIA,Podpornica Evangelical Humanitarian Organisation with (HIA) Hungarian Interchurch Aid,Slovenia ,64748.93939,37013.25835,27735.68104,Logistics and Transport,"Logistics, Transport, Telecomms",NGO,Slovenia
PRAKSIS,PRAKSIS,Greece,3389620.764,1009090.041,2380530.722,Child Protection,Protection,NGO,Greece
PRAKSIS,PRAKSIS,Greece,6671526.061,3343247.814,3328278.248,Food,Food,NGO,Greece
PRAKSIS,PRAKSIS,Greece,2118753.175,933612.1448,1185141.03,Health,Health and Nutrition,NGO,Greece
Samaritan Purse,Samaritan Purse,Croatia,5122353.6,3019673.3,2102680.3,NFIs,Shelter and NFIs,INGO,Croatia
Samaritan Purse,Samaritan Purse,Croatia,2681916.6,1564037.8,1117878.7,WASH,WASH,INGO,Croatia
SCI ,SCI Save the Children,Serbia,761869.7937,177190.8257,584678.968,NFIs,Shelter and NFIs,INGO,Serbia
SCI ,SCI Save the Children,Serbia,1070588.808,725711.2351,344877.5724,Protection,Protection,INGO,Serbia
SCI ,SCI Save the Children,Greece,5137714.573,2647428.752,2490285.822,Child Protection,Protection,INGO,Greece
SCI ,SCI Save the Children,Greece,4852171.692,2176085.863,2676085.83,Food,Food,INGO,Greece
SCI ,SCI Save the Children,Greece,1217142.925,608571.47,608571.4548,Nutrition,Health and Nutrition,INGO,Greece
SCI ,SCI Save the Children,Greece,1714285.81,857142.9156,857142.8941,Transport,"Logistics, Transport, Telecomms",INGO,Greece
SCI ,SCI Save the Children,Croatia,124394.3666,62197.14757,62197.219,Protection,Protection,INGO,Croatia
SCI ,SCI Save the Children,Croatia,911372.4504,546823.739,364548.7114,Health ,Health and Nutrition,INGO,Croatia
SCI ,SCI Save the Children,Croatia,567837.1831,339921.1134,227916.0696,Shelter and Infrastructure,Shelter and NFIs,INGO,Croatia
SLOGA ,SLOGA Slovenian Development and Humanitarian NGO Platform,Slovenia ,169000,82000,87000,Coordination,Protection,NGO,Slovenia
Slovenian Philanthropy,Slovenian Philanthropy ,Slovenia ,408376.8277,204188.4139,204188.4139,Protection,Protection,NGO,Slovenia
Slovenian Philanthropy,Slovenian Philanthropy ,Slovenia ,30439.17225,15219.58613,15219.58613,Health and Nutrition,Health and Nutrition,NGO,Slovenia
Slovenian Red Cross,Slovenian Red Cross ,Slovenia ,104054.0541,52027.02703,52027.02703,Protection,Protection,NGO,Slovenia
Slovenian Red Cross,Slovenian Red Cross ,Slovenia ,178378.3784,89189.18919,89189.18919,Health ,Health and Nutrition,NGO,Slovenia
Slovenian Red Cross,Slovenian Red Cross ,Slovenia ,148648.6486,74324.32432,74324.32432,Food Assistance ,Food,NGO,Slovenia
Slovenian Red Cross,Slovenian Red Cross ,Slovenia ,118918.9189,59459.45946,59459.45946,Logistics and Transport,"Logistics, Transport, Telecomms",NGO,Slovenia
Solidarity Now,Solidarity Now,Greece,248262.1766,182845.7831,65416.39344,Protection,Protection,NGO,Greece
Solidarity Now,Solidarity Now,Greece,393169.2672,302939.759,90229.5082,Communication with Communities,Protection,NGO,Greece
Solidarity Now,Solidarity Now,Greece,600568.5562,412214.4578,188354.0984,Shelter,Shelter and NFIs,NGO,Greece
SOS Children's Villages Serbia,SOS Children's Villages Serbia,Serbia,339950,203950,136000,NFIs,Shelter and NFIs,INGO,Serbia
SOS Children's Villages Serbia,SOS Children's Villages Serbia,Serbia,14200,8500,5700,Operational Support,Shelter and NFIs,INGO,Serbia
Standing conference of Towns and Municipalities,Standing conference of Towns and Municipalities,Serbia,402000,195000,207000,Support to local communities,Local Community Support,NGO,Serbia
Standing conference of Towns and Municipalities,Standing conference of Towns and Municipalities,Serbia,48000,30000,18000,Operational Support (local community support),Local Community Support,NGO,Serbia
UN Women,UN Women,Serbia,535754.6845,404209.5943,131545.0902,Protection,Protection,UN,Serbia
UN Women,UN Women,Serbia,45568,23024,22544,Operational Support,Operational Support,UN,Serbia
UN Women,UN Women,Turkey,264600,106920,157680,Protection,Protection,UN,Turkey
UN Women,UN Women,Serbia,170200,87400,82800,Support to local communities,Local Community Support,UN,Serbia
UN Women,UN Women,Serbia,14800,7600,7200,Support to local communities,Operational Support,UN,Serbia
UN Women,UN Women,fYR Macedonia,315600,147600,168000,SGBV,Protection,UN,Macedonia
UN Women,UN Women,fYR Macedonia,26248,11808,14440,Operational Support,Operational Support,UN,Macedonia
UNDP ,UNDP United Nations Development Programme,Regional,500000,250000,250000,Local Community Support,Local Community Support,UN ,Regional
UNDP ,UNDP United Nations Development Programme,Serbia,2116000,1058000,1058000,Support to local communities,Local Community Support,UN,Serbia
UNDP ,UNDP United Nations Development Programme,Serbia,184000,92000,92000,Support to local communities,Operational Support,UN,Serbia
UNDP ,UNDP United Nations Development Programme,fYR Macedonia,5200000,2700000,2500000,Livelihoods/Host Community Resilience,Local Community Support,UN,Macedonia
UNFPA ,UNFPA United Nations Population Fund,Serbia,500000,250000,250000,Health,Health and Nutrition,UN,Serbia
UNFPA ,UNFPA United Nations Population Fund,Serbia,40000,20000,20000,Operational Support,Operational Support,UN,Serbia
UNFPA ,UNFPA United Nations Population Fund,Turkey,400000,200000,200000,SGBV Programmes,Protection,UN,Turkey
UNFPA ,UNFPA United Nations Population Fund,Turkey,600000,300000,300000,Health,Health and Nutrition,UN,Turkey
UNFPA ,UNFPA United Nations Population Fund,Turkey,1000000,500000,500000,NFIs,Shelter and NFIs,UN,Turkey
UNFPA ,UNFPA United Nations Population Fund,fYR Macedonia,257000,100000,157000,SGBV,Protection,UN,Macedonia
UNFPA ,UNFPA United Nations Population Fund,fYR Macedonia,402000,200000,202000,Health,Health and Nutrition,UN,Macedonia
UNFPA ,UNFPA United Nations Population Fund,fYR Macedonia,216000,108000,108000,Hygiene,WASH,UN,Macedonia
UNHCR ,UNHCR United Nations High Commissioner for Refugees,Regional,36246359,18123179.5,18123179.5,Protection,Protection,UN ,Regional
UNHCR ,UNHCR United Nations High Commissioner for Refugees,Regional,20000000,10000000,10000000,NFIs,Shelter and NFIs,UN ,Regional
UNHCR ,UNHCR United Nations High Commissioner for Refugees,Regional,3937245,1968622.5,1968622.5,Operational Support,Operational Support,UN ,Regional
UNHCR ,UNHCR United Nations High Commissioner for Refugees,Serbia,3828295.2,1914147.6,1914147.6,Protection,Protection,UN,Serbia
UNHCR ,UNHCR United Nations High Commissioner for Refugees,Serbia,2922641.6,1461320.8,1461320.8,Shelter and Infrastructure,Shelter and NFIs,UN,Serbia
UNHCR ,UNHCR United Nations High Commissioner for Refugees,Serbia,649475.9,324738,324738,NFIs,Shelter and NFIs,UN,Serbia
UNHCR ,UNHCR United Nations High Commissioner for Refugees,Serbia,865967.9,432983.9,432983.9,WASH,WASH,UN,Serbia
UNHCR ,UNHCR United Nations High Commissioner for Refugees,Serbia,1407197.8,703598.9,703598.9,Food,Food,UN,Serbia
UNHCR ,UNHCR United Nations High Commissioner for Refugees,Serbia,432983.9,216492,216492,Health,Health and Nutrition,UN,Serbia
UNHCR ,UNHCR United Nations High Commissioner for Refugees,Serbia,1948427.7,974213.9,974213.9,Logistics and Transport,"Logistics, Transport, Telecomms",UN,Serbia
UNHCR ,UNHCR United Nations High Commissioner for Refugees,Serbia,843849,421924.5,421924.5,Operational Support,Operational Support,UN,Serbia
UNHCR ,UNHCR United Nations High Commissioner for Refugees,Greece,16130541,8065270.5,8065270.5,Protection,Protection,UN,Greece
UNHCR ,UNHCR United Nations High Commissioner for Refugees,Greece,91430404.7,45715202.3,45715202.3,Shelter and Infrastructure,Shelter and NFIs,UN,Greece
UNHCR ,UNHCR United Nations High Commissioner for Refugees,Greece,14268277.9,7134139,7134139,NFIs,Shelter and NFIs,UN,Greece
UNHCR ,UNHCR United Nations High Commissioner for Refugees,Greece,786314.8,393157.4,393157.4,WASH,WASH,UN,Greece
UNHCR ,UNHCR United Nations High Commissioner for Refugees,Greece,2081459.6,1040729.8,1040729.8,Health,Health and Nutrition,UN,Greece
UNHCR ,UNHCR United Nations High Commissioner for Refugees,Greece,6627513.1,3313756.5,3313756.5,Logistics and Transport,"Logistics, Transport, Telecomms",UN,Greece
UNHCR ,UNHCR United Nations High Commissioner for Refugees,Greece,9192716,4596358,4596358,Operational Support,Operational Support,UN ,Greece
UNHCR ,UNHCR United Nations High Commissioner for Refugees,Croatia,1344660.6,672330.3,672330.3,Protection,Protection,UN,Croatia
UNHCR ,UNHCR United Nations High Commissioner for Refugees,Croatia,1726201.4,863100.7,863100.7,Shelter and Infrastructure,Shelter and NFIs,UN,Croatia
UNHCR ,UNHCR United Nations High Commissioner for Refugees,Croatia,214960,107480,107480,Operational Support,Operational Support,UN,Croatia
UNHCR ,UNHCR United Nations High Commissioner for Refugees,Turkey,3183664.7,1591832.4,1591832.4,Protection,Protection,UN,Turkey
UNHCR ,UNHCR United Nations High Commissioner for Refugees,Turkey,1602113.2,801056.6,801056.6,NFIs,Shelter and NFIs,UN,Turkey
UNHCR ,UNHCR United Nations High Commissioner for Refugees,Turkey,335004,167502,167502,Operational Support,Operational Support,UN ,Turkey
UNHCR ,UNHCR United Nations High Commissioner for Refugees,fYR Macedonia,4512658.2,2256329.1,2256329.1,Protection,Protection,UN,Macedonia
UNHCR ,UNHCR United Nations High Commissioner for Refugees,fYR Macedonia,796326.5,398163.3,398163.3,Food,Food,UN,Macedonia
UNHCR ,UNHCR United Nations High Commissioner for Refugees,fYR Macedonia,1233745.4,616872.7,616872.7,Shelter and NFIs,Shelter and NFIs,UN,Macedonia
UNHCR ,UNHCR United Nations High Commissioner for Refugees,fYR Macedonia,910627.4,455313.7,455313.7,WASH,WASH,UN,Macedonia
UNHCR ,UNHCR United Nations High Commissioner for Refugees,fYR Macedonia,1300595.3,650297.7,650297.7,Health and Nutrition,Health and Nutrition,UN,Macedonia
UNHCR ,UNHCR United Nations High Commissioner for Refugees,fYR Macedonia,612777,306388.5,306388.5,Operational Support,Operational Support,UN,Macedonia
UNHCR ,UNHCR United Nations High Commissioner for Refugees,Slovenia ,2537956.3,1268978.1,1268978.1,Protection,Protection,UN,Slovenia
UNHCR ,UNHCR United Nations High Commissioner for Refugees,Slovenia ,1901638.6,950819.3,950819.3,Shelter and NFIs,Shelter and NFIs,UN,Slovenia
UNHCR ,UNHCR United Nations High Commissioner for Refugees,Slovenia ,310772,155386,155386,Operational Support,Operational Support,UN,Slovenia
UNICEF ,UNICEF United Nations Children's Fund  ,Regional,1158000,600000,558000,Coordination,Protection,UN,Regional
UNICEF ,UNICEF United Nations Children's Fund  ,Regional,4860000,2800000,2060000,Child Protection,Protection,UN,Regional
UNICEF ,UNICEF United Nations Children's Fund  ,Regional,400000,200000,200000,Health and Nutrition,Health and Nutrition,UN,Regional
UNICEF ,UNICEF United Nations Children's Fund  ,Regional,470000,300000,170000,WASH and NFIs,WASH,UN,Regional
UNICEF ,UNICEF United Nations Children's Fund  ,Serbia,1070588.808,725711.2351,344877.5724,NFIs,Shelter and NFIs,UN,Serbia
UNICEF ,UNICEF United Nations Children's Fund  ,Serbia,535754.6845,404209.5943,131545.0902,Protection,Protection,NGO,Serbia
UNICEF ,UNICEF United Nations Children's Fund  ,Serbia,700000,400000,300000,Health,Health and Nutrition,UN,Serbia
UNICEF ,UNICEF United Nations Children's Fund  ,Serbia,780000,420000,360000,Education,Protection,UN,Serbia
UNICEF ,UNICEF United Nations Children's Fund  ,Serbia,545000,280000,265000,Operational Support,Operational Support,UN,Serbia
UNICEF ,UNICEF United Nations Children's Fund  ,Greece,113500,63500,50000,Health,Health and Nutrition,UN,Greece
UNICEF ,UNICEF United Nations Children's Fund  ,Greece,700000,350000,350000,Education,Protection,UN,Greece
UNICEF ,UNICEF United Nations Children's Fund  ,Greece,740000,660000,80000,Wash,WASH,UN,Greece
UNICEF ,UNICEF United Nations Children's Fund  ,Greece,170000,170000,,Production of information ,Protection,UN,Greece
UNICEF ,UNICEF United Nations Children's Fund  ,Greece,1950000,1300000,650000,Child Protection,Protection,UN,Greece
UNICEF ,UNICEF United Nations Children's Fund  ,Greece,3092000,1303500,1788500,Operational Support,Operational Support,UN,Greece
UNICEF ,UNICEF United Nations Children's Fund  ,Croatia,1200000,600000,600000,Shelter and Infrastructure,Shelter and NFIs,UN,Croatia
UNICEF ,UNICEF United Nations Children's Fund  ,Croatia,900000,450000,450000,Protection,Protection,UN,Croatia
UNICEF ,UNICEF United Nations Children's Fund  ,Croatia,900000,450000,450000,Health,Health and Nutrition,UN,Croatia
UNICEF ,UNICEF United Nations Children's Fund  ,Croatia,420000,210000,210000,Operational Support,Operational Support,UN,Croatia
UNICEF ,UNICEF United Nations Children's Fund  ,Turkey,1500000,750000,750000,Child Protection,Protection,UN,Turkey
UNICEF ,UNICEF United Nations Children's Fund  ,Turkey,1000000,500000,500000,NFIs,Shelter and NFIs,UN,Turkey
UNICEF ,UNICEF United Nations Children's Fund  ,fYR Macedonia,1850000,925000,925000,Child Protection,Protection,UN,Macedonia
UNICEF ,UNICEF United Nations Children's Fund  ,fYR Macedonia,1600000,800000,800000,Health,Health and Nutrition,UN,Macedonia
UNICEF ,UNICEF United Nations Children's Fund  ,fYR Macedonia,1575000,1050000,525000,Shelter and Infrastructure,Shelter and NFIs,UN,Macedonia
UNICEF ,UNICEF United Nations Children's Fund  ,fYR Macedonia,1700000,900000,800000,WASH,WASH,UN,Macedonia
UNICEF ,UNICEF United Nations Children's Fund  ,fYR Macedonia,200000,100000,100000,Operational support ,Operational Support,UN,Macedonia
UNICEF ,UNICEF United Nations Children's Fund  ,Slovenia ,1125000,1125000,0,Protection,Protection,UN,Slovenia
UNICEF ,UNICEF United Nations Children's Fund  ,Slovenia ,337000,200000,137000,Operational Support ,Operational Support,UN,Slovenia
UNOPS ,UNOPS United Nations Office for Project Services,Serbia,960000,768000,192000,Shelter and Infrastructure,Shelter and NFIs,UN,Serbia
UNOPS ,UNOPS United Nations Office for Project Services,Serbia,40000,32000,8000,Operational Support,Operational Support,UN,Serbia
UNOPS ,UNOPS United Nations Office for Project Services,Serbia,2116000,1058000,1058000,Support to local communities,Local Community Support,UN,Serbia
UNOPS ,UNOPS United Nations Office for Project Services,Serbia,184000,92000,92000,Support to local communities,Operational Support,UN,Serbia
UNV,UNV United Nations Volunteers,Regional,660000,220000,440000,Protection,Protection,UN ,Regional
Volunteer Center Slavonski Brod,Volunteer Center Slavonski Brod,Croatia,32000,16500,15500,Protection,Protection,NGO,Croatia
WAHA ,WAHA Women and Health Alliance International,Slovenia ,841269,483492,357777,Health and Nutrition,Health and Nutrition,INGO,Slovenia
WHO ,WHO World Health Organization,Regional,160000,80000,80000,Health ,Health and Nutrition,UN ,Regional
WHO ,WHO World Health Organization,Serbia,607475,350000,257475,Health,Health and Nutrition,UN ,Serbia
WHO ,WHO World Health Organization,Serbia,42525,24500,18025,Operational Support,Operational Support,UN ,Serbia
WHO ,WHO World Health Organization,Croatia,800000,400000,400000,Health,Health and Nutrition,UN,Croatia
WHO ,WHO World Health Organization,Croatia,104000,52000,52000,Operational Support,Operational Support,UN,Croatia
WHO ,WHO World Health Organization,Turkey,2000000,750000,1250000,Health,Health and Nutrition,UN,Turkey
WHO ,WHO World Health Organization,fYR Macedonia,650000,374500,275500,Health,Health and Nutrition,UN,Macedonia
